{"cameraMode":{"drawMode":0,"name":"Shaded","section":"Shading Mode"},"sceneLighting":false,"audioPlay":false,"sceneViewState":{"showFog":true,"showMaterialUpdate":false,"showSkybox":false,"showFlares":true,"showImageEffects":true,"showParticleSystems":true,"showVisualEffectGraphs":true,"m_FxEnabled":true},"in2DMode":false,"pivot":{"x":0.03676449880003929,"y":-0.029378995299339296,"z":0.008341580629348755},"rotation":{"x":-0.1389409750699997,"y":0.07626951485872269,"z":-0.010733161121606827,"w":-0.9873030781745911},"size":0.12990382313728333,"orthographic":false}