{"cameraMode":{"drawMode":0,"name":"Shaded","section":"Shading Mode"},"sceneLighting":false,"audioPlay":false,"sceneViewState":{"showFog":true,"showMaterialUpdate":false,"showSkybox":false,"showFlares":true,"showImageEffects":true,"showParticleSystems":true},"in2DMode":false,"pivot":{"x":0.989990234375,"y":-0.53759765625,"z":1.32177734375},"rotation":{"x":0.33735671639442446,"y":-0.041217416524887088,"z":0.014731970615684986,"w":0.9404951930046082},"size":9.386857032775879,"orthographic":true}